board_id,platform,company,url,fail_count,fail_reason,last_checked
ashby:aviator,ashby,Aviator,https://jobs.ashbyhq.com/aviator,2,HTTP 404,2026-10-01T17:29:31.294060+00:00
ashby:contextual,ashby,Contextual AI,https://jobs.ashbyhq.com/contextual,2,HTTP 404,2026-10-01T17:29:30.994619+00:00
ashby:continue,ashby,Continue,https://jobs.ashbyhq.com/continue,2,HTTP 404,2026-10-01T17:29:31.306861+00:00
ashby:laminar,ashby,Laminar,https://jobs.ashbyhq.com/laminar,1,HTTP 404,2026-10-01T17:00:22.829234+00:00
ashby:leapsome,ashby,Leapsome,https://jobs.ashbyhq.com/leapsome,1,HTTP 404,2026-10-01T17:29:24.139132+00:00
ashby:lime,ashby,Lime,https://jobs.ashbyhq.com/lime,1,HTTP 404,2026-10-01T17:29:24.175854+00:00
ashby:lindy,ashby,Lindy,https://jobs.ashbyhq.com/lindy,7,HTTP 404,2026-10-01T17:30:29.027205+00:00
ashby:machinify,ashby,Machinify,https://jobs.ashbyhq.com/machinify,1,HTTP 404,2026-10-01T17:00:22.768459+00:00
ashby:statsig,ashby,Statsig,https://jobs.ashbyhq.com/statsig,2,HTTP 404,2026-10-01T17:29:31.187514+00:00
ashby:tinybird,ashby,Tinybird,https://jobs.ashbyhq.com/tinybird,1,HTTP 404,2026-10-01T17:30:52.944568+00:00
ashby:travelperk,ashby,Travelperk,https://jobs.ashbyhq.com/travelperk,1,HTTP 404,2026-10-01T17:30:52.999383+00:00
greenhouse:10xgenomics,greenhouse,10x Genomics,https://boards.greenhouse.io/10xgenomics,2,HTTP 404,2026-10-01T17:00:22.769534+00:00
greenhouse:ada,greenhouse,Ada,https://job-boards.greenhouse.io/ada,1,HTTP 404,2026-10-01T17:30:28.920447+00:00
greenhouse:aerospike,greenhouse,Aerospike,https://boards.greenhouse.io/aerospike,2,HTTP 404,2026-10-01T17:11:31.757926+00:00
greenhouse:alan,greenhouse,Alan,https://boards.greenhouse.io/alan,1,HTTP 404,2026-10-01T17:11:31.799579+00:00
greenhouse:alchemy,greenhouse,Alchemy,https://boards.greenhouse.io/alchemy,1,HTTP 404,2026-10-01T17:00:22.923113+00:00
greenhouse:alltrails,greenhouse,AllTrails,https://boards.greenhouse.io/alltrails,1,HTTP 404,2026-10-01T17:11:32.099470+00:00
greenhouse:alma,greenhouse,Alma,https://boards.greenhouse.io/alma,2,HTTP 404,2026-10-01T17:00:23.066605+00:00
greenhouse:amplitude,greenhouse,Amplitude,https://boards.greenhouse.io/amplitude,1,HTTP 404,2026-10-01T17:00:24.688689+00:00
greenhouse:anchore,greenhouse,Anchore,https://boards.greenhouse.io/anchore,1,HTTP 404,2026-10-01T17:11:32.395555+00:00
greenhouse:andela,greenhouse,Andela,https://boards.greenhouse.io/andela,1,HTTP 404,2026-10-01T17:11:32.436142+00:00
greenhouse:angellist,greenhouse,Angellist,https://boards.greenhouse.io/angellist,1,HTTP 404,2026-10-01T17:11:32.492004+00:00
greenhouse:angi,greenhouse,Angi,https://boards.greenhouse.io/angi,1,HTTP 404,2026-10-01T17:00:23.111139+00:00
greenhouse:anomali,greenhouse,Anomali,https://boards.greenhouse.io/anomali,1,HTTP 404,2026-10-01T17:11:32.530363+00:00
greenhouse:appliedintuition,greenhouse,Applied Intuition,https://boards.greenhouse.io/appliedintuition,2,HTTP 404,2026-10-01T17:11:32.784524+00:00
greenhouse:artefactus,greenhouse,Artefactus,https://boards.greenhouse.io/artefactus,1,HTTP 404,2026-09-12T07:16:08.395369+00:00
greenhouse:artera,greenhouse,Artera,https://boards.greenhouse.io/artera,1,HTTP 404,2026-10-01T17:11:32.823906+00:00
greenhouse:artisanai,greenhouse,Artisan,https://boards.greenhouse.io/artisanai,1,HTTP 404,2026-10-01T17:11:32.865973+00:00
greenhouse:astronomer,greenhouse,Astronomer,https://boards.greenhouse.io/astronomer,1,HTTP 404,2026-10-01T17:11:32.959572+00:00
greenhouse:athelas,greenhouse,Athelas,https://boards.greenhouse.io/athelas,1,HTTP 404,2026-10-01T17:11:33.001438+00:00
greenhouse:atlassian,greenhouse,Atlassian,https://boards.greenhouse.io/atlassian,1,HTTP 404,2026-10-01T17:11:33.918516+00:00
greenhouse:aumni,greenhouse,Aumni,https://boards.greenhouse.io/aumni,1,HTTP 404,2026-10-01T17:11:33.961186+00:00
greenhouse:avalabs,greenhouse,Ava Labs,https://boards.greenhouse.io/avalabs,1,HTTP 404,2026-10-01T17:15:12.089341+00:00
greenhouse:bitly,greenhouse,Bitly,https://boards.greenhouse.io/bitly,9,HTTP 404,2026-09-12T07:12:16.885710+00:00
greenhouse:blackforestlabs,greenhouse,Black Forest Labs,https://job-boards.greenhouse.io/blackforestlabs,1,HTTP 404,2026-09-12T07:17:06.158185+00:00
greenhouse:capitalrx,greenhouse,Capitalrx,https://boards.greenhouse.io/capitalrx,2,HTTP 404,2026-10-01T17:29:34.205345+00:00
greenhouse:carecom,greenhouse,Care.com,https://boards.greenhouse.io/carecom,2,HTTP 404,2026-10-01T17:15:10.726235+00:00
greenhouse:cdpjobs,greenhouse,Coinbase Developer Platform,https://boards.greenhouse.io/cdpjobs,1,HTTP 404,2026-10-01T17:00:25.691933+00:00
greenhouse:creditkarma,greenhouse,Credit Karma,https://boards.greenhouse.io/creditkarma,10,HTTP 404,2026-10-01T17:15:10.959528+00:00
greenhouse:deepmind,greenhouse,DeepMind,https://boards.greenhouse.io/deepmind,1,HTTP 404,2026-09-12T07:07:07.079976+00:00
greenhouse:embroker,greenhouse,Embroker,https://boards.greenhouse.io/embroker,10,HTTP 404,2026-09-12T07:12:18.041257+00:00
greenhouse:factorial,greenhouse,Factorial,https://job-boards.greenhouse.io/factorial,1,HTTP 404,2026-10-01T17:30:52.895687+00:00
greenhouse:galileofinancialtechnologies,greenhouse,galileofinancialtechnologies,https://boards.greenhouse.io/galileofinancialtechnologies,2,HTTP 404,2026-10-01T17:02:32.058726+00:00
greenhouse:genies,greenhouse,genies,https://boards.greenhouse.io/genies,1,HTTP 404,2026-10-01T17:02:32.121583+00:00
greenhouse:glossgenius,greenhouse,glossgenius,https://boards.greenhouse.io/glossgenius,1,HTTP 404,2026-09-12T07:08:56.226245+00:00
greenhouse:grammarly,greenhouse,Grammarly,https://boards.greenhouse.io/grammarly,1,HTTP 404,2026-10-01T17:00:27.235214+00:00
greenhouse:insightly,greenhouse,Insightly,https://boards.greenhouse.io/insightly,8,HTTP 404,2026-10-01T17:15:32.307446+00:00
greenhouse:loop,greenhouse,Loop,https://boards.greenhouse.io/loop,2,HTTP 404,2026-10-01T17:29:44.344997+00:00
greenhouse:magicleap,greenhouse,Magic Leap,https://boards.greenhouse.io/magicleap,1,HTTP 404,2026-09-12T07:12:45.202570+00:00
greenhouse:marqeta,greenhouse,Marqeta,https://boards.greenhouse.io/marqeta,1,HTTP 404,2026-09-12T07:12:45.202257+00:00
greenhouse:matx,greenhouse,matx,https://boards.greenhouse.io/matx,1,HTTP 404,2026-09-12T07:08:56.550599+00:00
greenhouse:mindsdb,greenhouse,MindsDB,https://boards.greenhouse.io/mindsdb,10,HTTP 404,2026-09-12T07:12:45.257406+00:00
greenhouse:modernizingmedicineinc,greenhouse,modernizingmedicineinc,https://boards.greenhouse.io/modernizingmedicineinc,1,HTTP 404,2026-10-01T17:03:07.000750+00:00
greenhouse:mutiny,greenhouse,Mutiny,https://boards.greenhouse.io/mutiny,6,HTTP 404,2026-10-01T17:15:32.712257+00:00
greenhouse:opendoor,greenhouse,Opendoor,https://boards.greenhouse.io/opendoor,2,HTTP 404,2026-10-01T17:16:09.319115+00:00
greenhouse:panoramaed,greenhouse,Panorama Education,https://boards.greenhouse.io/panoramaed,1,HTTP 404,2026-10-01T17:16:09.284161+00:00
greenhouse:postman,greenhouse,Postman,https://boards.greenhouse.io/postman,1,HTTP 404,2026-10-01T17:16:10.831476+00:00
greenhouse:recharge,greenhouse,ReCharge,https://boards.greenhouse.io/recharge,7,HTTP 404,2026-10-01T17:16:10.162704+00:00
greenhouse:root,greenhouse,Root Insurance,https://boards.greenhouse.io/root,10,HTTP 404,2026-09-12T07:13:02.471188+00:00
greenhouse:runpod,greenhouse,RunPod,https://job-boards.greenhouse.io/runpod,5,HTTP 404,2026-10-01T17:30:28.884606+00:00
greenhouse:runwayml,greenhouse,RunwayML,https://boards.greenhouse.io/runwayml,1,HTTP 404,2026-10-01T17:16:10.828880+00:00
greenhouse:sage,greenhouse,Sage,https://boards.greenhouse.io/sage,10,HTTP 404,2026-09-12T07:13:02.536206+00:00
greenhouse:snapdocs,greenhouse,Snapdocs,https://boards.greenhouse.io/snapdocs,1,HTTP 404,2026-10-01T17:16:53.460154+00:00
greenhouse:snowflake,greenhouse,Snowflake,https://boards.greenhouse.io/snowflake,1,HTTP 404,2026-10-01T17:27:51.458526+00:00
greenhouse:styra,greenhouse,Styra,https://boards.greenhouse.io/styra,1,HTTP 404,2026-10-01T17:16:53.546426+00:00
greenhouse:swishanalytics,greenhouse,Swish Analytics,https://boards.greenhouse.io/swishanalytics,1,HTTP 404,2026-10-01T17:01:46.632392+00:00
greenhouse:teads,greenhouse,Teads,https://boards.greenhouse.io/teads,1,HTTP 404,2026-10-01T17:16:53.729549+00:00
greenhouse:tekion,greenhouse,Tekion,https://boards.greenhouse.io/tekion,2,HTTP 404,2026-10-01T17:16:53.742041+00:00
greenhouse:temporal,greenhouse,Temporal,https://boards.greenhouse.io/temporal,8,HTTP 404,2026-10-01T17:01:21.788094+00:00
greenhouse:thumbtack,greenhouse,Thumbtack,https://boards.greenhouse.io/thumbtack,1,HTTP 404,2026-10-01T17:01:21.834594+00:00
greenhouse:transcarent,greenhouse,Transcarent,https://boards.greenhouse.io/transcarent,2,HTTP 404,2026-10-01T17:16:53.933643+00:00
greenhouse:trmlabs,greenhouse,TRM Labs,https://boards.greenhouse.io/trmlabs,1,HTTP 404,2026-10-01T17:16:53.968868+00:00
greenhouse:truecar,greenhouse,TrueCar,https://boards.greenhouse.io/truecar,1,HTTP 404,2026-10-01T17:16:54.004745+00:00
greenhouse:truework,greenhouse,Truework,https://boards.greenhouse.io/truework,2,HTTP 404,2026-10-01T17:16:54.016709+00:00
greenhouse:underdogfantasy,greenhouse,Underdogfantasy,https://boards.greenhouse.io/underdogfantasy,1,HTTP 404,2026-09-12T07:16:40.247102+00:00
greenhouse:utilityapi,greenhouse,UtilityAPI,https://boards.greenhouse.io/utilityapi,1,HTTP 404,2026-10-01T17:17:14.774485+00:00
greenhouse:vesper,greenhouse,Vesper,https://boards.greenhouse.io/vesper,1,HTTP 404,2026-10-01T17:17:14.763014+00:00
greenhouse:veza,greenhouse,Veza Technologies,https://boards.greenhouse.io/veza,2,HTTP 404,2026-10-01T17:01:23.095226+00:00
greenhouse:zymergen,greenhouse,Zymergen,https://boards.greenhouse.io/zymergen,7,HTTP 404,2026-10-01T17:17:14.944483+00:00
lever:Rarible,lever,Rarible,https://jobs.lever.co/Rarible,10,HTTP 404,2026-09-12T07:10:10.052142+00:00
lever:clarity-ai,lever,Clarity AI,https://jobs.lever.co/clarity-ai,1,HTTP 404,2026-10-01T17:30:53.060245+00:00
lever:forto,lever,Forto,https://jobs.lever.co/forto,1,HTTP 404,2026-10-01T17:30:53.092283+00:00
lever:sanctuary,lever,Sanctuary,https://jobs.lever.co/sanctuary,10,HTTP 404,2026-09-12T07:16:40.611171+00:00
lever:sprucesystems,lever,Spruce,https://jobs.lever.co/sprucesystems,2,HTTP 404,2026-10-01T17:04:03.710540+00:00
lever:vinted,lever,Vinted,https://jobs.lever.co/vinted,1,HTTP 404,2026-10-01T17:30:53.279558+00:00
lever:wandb,lever,Weights & Biases,https://jobs.lever.co/wandb,1,HTTP 404,2026-10-01T17:30:53.300170+00:00
lever:workos,lever,WorkOS,https://jobs.lever.co/workos,7,HTTP 404,2026-10-01T17:17:15.062622+00:00
workday:comcast:Comcast_Careers,workday,Comcast,https://comcast.wd5.myworkdayjobs.com/Comcast_Careers,3,HTTP 410,2026-09-12T07:11:18.007847+00:00
